timestamp,aqi,co,no,no2,o3,so2,pm2_5,pm10,nh3
2022-12-31,300,761.0,0.0,12.7,61.5,5.4,69.1,88.1,2.7
2023-01-01,400,1001.4,0.2,15.8,46.3,4.8,88.2,115.4,3.6
2023-01-02,400,2336.5,0.2,38.0,22.5,12.0,193.2,255.4,13.8
2023-01-03,400,2309.8,0.4,37.9,36.5,19.8,206.6,268.6,26.5
2023-01-04,400,2523.4,0.1,35.8,62.6,13.0,229.8,304.2,26.8
2023-01-05,400,3177.6,0.0,46.1,54.7,23.2,278.4,370.2,40.0
2023-01-06,400,2857.2,0.0,46.6,47.4,19.0,233.5,316.5,42.0
2023-01-07,400,2149.6,0.0,36.2,49.4,18.0,152.0,210.6,36.8
2023-01-08,400,2550.2,0.0,34.1,36.8,14.4,188.8,262.6,28.8
2023-01-09,400,3137.6,0.0,38.7,34.5,17.8,254.2,330.7,31.9
2023-01-10,400,4352.6,0.8,56.9,22.2,14.6,333.0,449.8,27.6
2023-01-11,400,4005.4,0.0,53.4,37.9,15.6,403.1,468.6,33.2
2023-01-12,400,3498.1,0.1,47.0,31.2,13.6,307.2,403.6,29.0
2023-01-13,400,1769.0,0.2,26.6,33.0,7.0,123.0,192.4,19.5
2023-01-14,400,1582.2,0.0,26.4,56.5,6.3,117.0,172.9,20.9
2023-01-15,400,2737.0,0.6,39.1,27.4,16.8,225.4,307.1,41.8
2023-01-16,400,4219.1,4.4,58.3,6.2,16.8,350.4,440.8,34.0
2023-01-17,400,3231.0,1.0,47.2,17.0,13.5,238.8,335.5,25.6
2023-01-18,400,2857.2,0.8,43.6,19.1,11.2,225.8,299.4,26.6
2023-01-19,400,2283.1,0.1,34.8,27.9,10.0,216.4,291.8,13.8
2023-01-20,400,2843.9,5.6,38.8,14.5,10.8,231.2,308.0,20.4
2023-01-21,400,1829.2,0.2,23.3,32.5,6.6,125.6,187.0,19.8
2023-01-22,400,1448.6,0.0,19.0,59.7,5.6,101.0,154.9,15.0
2023-01-23,400,2483.4,0.4,35.4,30.6,12.8,165.0,248.2,32.6
2023-01-24,400,1548.8,0.0,22.6,41.3,5.9,104.0,160.4,14.8
2023-01-25,400,1722.4,0.4,23.4,42.6,5.9,121.2,180.3,14.4
2023-01-26,400,1882.6,2.0,27.4,9.4,7.8,122.6,183.6,17.0
2023-01-27,400,2283.1,1.4,28.0,30.0,11.1,151.9,227.4,24.3
2023-01-28,400,2456.7,0.6,39.8,22.4,13.9,197.0,256.5,32.0
2023-01-29,400,2590.2,0.2,37.8,35.0,10.1,209.8,280.0,18.5
2023-01-30,400,3578.2,0.3,47.3,42.8,14.9,294.0,383.6,30.4
2023-01-31,400,2723.7,0.2,32.8,25.2,8.7,205.6,270.2,21.6
2023-02-01,400,1749.0,0.2,26.9,38.8,8.6,119.0,187.2,25.4
2023-02-02,400,3110.8,3.2,51.1,15.3,18.4,243.2,328.9,43.4
2023-02-03,400,1989.4,0.0,30.3,74.7,17.3,213.0,259.5,17.0
2023-02-04,400,1435.2,0.1,20.0,66.2,5.7,187.8,217.6,8.2
2023-02-05,400,1161.6,0.1,13.6,76.2,6.4,146.4,174.5,9.2
2023-02-06,400,1008.0,0.0,11.5,88.7,5.9,116.4,132.6,6.2
2023-02-07,400,1608.8,0.2,28.4,41.0,6.6,128.2,168.2,8.8
2023-02-08,400,1154.9,0.2,18.2,86.6,6.9,125.8,155.8,8.8
2023-02-09,400,1108.2,0.0,18.0,92.2,7.8,143.8,168.4,7.0
2023-02-10,400,1548.8,0.1,24.8,54.2,6.2,157.4,219.2,10.4
2023-02-11,400,1141.6,0.1,16.8,55.4,5.3,96.4,146.4,12.7
2023-02-12,400,948.0,0.1,16.3,81.5,4.6,97.1,127.8,10.0
2023-02-13,400,2470.0,0.6,45.9,29.3,14.6,224.2,294.5,20.8
2023-02-14,400,2897.2,0.2,50.8,30.8,13.2,275.8,383.1,19.9
2023-02-15,400,1936.0,0.1,25.2,45.8,11.0,202.5,258.0,16.0
2023-02-16,400,731.0,0.0,8.3,114.4,7.8,79.1,95.0,9.6
2023-02-17,400,1582.2,0.0,22.9,61.2,9.0,141.4,188.5,18.8
2023-02-18,400,1295.1,0.0,19.0,58.6,5.1,95.8,138.4,16.5
2023-02-19,400,861.2,0.0,12.5,73.6,6.1,84.6,110.2,11.6
2023-02-20,400,744.3,0.0,8.8,100.2,5.5,92.7,107.7,6.9
2023-02-21,400,1154.9,0.0,16.4,60.4,6.2,121.0,154.0,9.5
2023-02-22,400,757.7,0.0,7.4,106.6,6.3,69.8,89.5,6.8
2023-02-23,400,1735.7,0.0,30.2,48.6,17.2,148.1,206.2,61.3
2023-02-25,400,1068.1,0.0,10.4,120.2,6.4,157.8,176.9,6.5
2023-02-26,400,1689.0,0.0,23.6,66.9,7.5,123.3,164.4,6.2
2023-02-27,400,1081.4,0.1,14.4,98.4,7.6,78.6,101.4,7.8
2023-02-28,400,894.5,0.0,13.0,92.2,10.4,71.3,99.0,12.6
2023-03-01,400,2389.9,0.1,40.8,40.0,8.1,174.0,244.0,34.2
2023-03-02,400,2590.2,0.1,45.2,33.3,11.0,183.4,251.2,25.5
2023-03-03,400,1208.3,0.0,16.8,83.7,7.6,99.4,125.8,7.4
2023-03-04,400,1949.3,0.1,25.0,11.6,2.5,178.6,222.9,6.1
2023-03-05,400,1188.3,0.1,17.5,49.4,4.7,73.7,107.0,16.1
2023-03-06,400,1301.8,0.1,21.8,50.4,5.0,88.6,130.8,19.8
2023-03-07,400,667.6,0.0,7.2,97.3,6.1,60.0,71.5,10.0
2023-03-08,400,1468.6,0.1,24.6,53.6,7.4,82.0,123.3,13.0
2023-03-09,400,2403.2,0.2,41.0,29.2,11.4,150.9,208.7,21.5
2023-03-10,400,2603.6,0.3,47.7,29.7,10.0,192.3,241.8,30.9
2023-03-11,400,2309.8,0.0,32.0,40.0,7.6,159.2,205.7,23.2
2023-03-12,400,1154.8,0.2,22.8,58.3,4.9,59.8,94.1,21.0
2023-03-13,400,2016.0,0.2,30.0,30.4,11.0,143.3,191.4,28.8
2023-03-14,400,968.0,0.2,16.8,59.4,9.0,52.0,72.6,7.0
2023-03-15,400,2389.9,1.8,39.2,16.0,8.1,153.0,213.0,30.0
2023-03-16,400,2189.6,0.2,32.8,20.4,5.6,147.0,200.4,19.3
2023-03-17,400,884.6,0.0,11.9,71.2,6.0,37.2,58.2,12.4
2023-03-18,400,1041.4,0.0,14.3,70.1,7.7,36.2,46.9,7.3
2023-03-19,400,1522.0,0.0,23.0,42.8,5.6,67.8,87.4,5.2
2023-03-20,400,861.2,0.0,12.0,58.0,8.3,20.2,26.4,4.4
2023-03-21,400,767.7,0.2,10.2,59.7,4.9,17.8,22.2,3.8
2023-03-22,400,1034.8,0.2,12.4,53.0,4.5,35.6,60.5,9.6
2023-03-23,400,981.3,0.2,11.3,60.4,5.2,50.4,65.1,7.7
2023-03-24,400,1822.4,0.4,28.8,45.4,5.9,102.8,161.8,10.8
2023-03-25,400,1855.8,0.4,32.9,23.4,4.8,113.0,159.0,18.3
2023-03-26,400,1028.0,0.1,15.5,66.2,4.8,56.2,89.4,18.6
2023-03-27,400,1175.0,0.2,19.4,58.3,6.8,63.1,108.1,21.4
2023-03-28,400,1655.6,0.2,28.0,52.4,8.1,104.2,152.6,26.4
2023-03-29,400,1615.6,0.1,30.0,52.4,9.0,103.2,153.1,29.0
2023-03-30,400,1949.3,0.6,35.4,25.6,7.1,126.8,181.0,25.1
2023-03-31,400,1021.4,0.1,15.1,36.5,9.8,72.2,90.0,7.8
2023-04-01,400,1255.0,0.2,18.8,26.6,6.7,77.0,102.4,7.2
2023-04-02,400,1381.9,0.2,20.8,37.2,3.6,67.8,101.2,5.2
2023-04-03,400,1335.1,0.2,22.0,33.6,6.6,68.3,105.3,8.8
2023-04-04,400,804.4,0.1,11.3,75.4,5.0,39.4,56.0,8.8
2023-04-05,400,1008.0,0.2,18.2,59.4,6.7,53.8,88.2,15.6
2023-04-06,400,938.0,0.1,18.5,66.5,7.0,49.8,82.4,15.9
2023-04-07,400,777.8,0.0,11.2,105.9,6.5,55.6,79.6,11.8
2023-04-08,400,724.3,0.0,11.1,69.8,4.0,46.0,70.4,11.9
2023-04-09,400,811.1,0.1,13.8,56.2,4.0,47.4,71.6,12.3
2023-04-10,400,1041.4,0.1,19.2,61.9,7.0,60.8,90.3,15.6
2023-04-11,400,1341.8,0.1,25.5,78.6,8.6,91.1,130.0,20.2
2023-04-12,400,1048.1,0.1,16.4,96.6,6.0,70.4,100.2,15.8
2023-04-13,400,1235.0,0.1,19.8,93.6,5.8,81.4,115.8,15.7
2023-04-14,400,1064.8,0.0,17.3,87.6,5.0,66.2,99.2,13.9
2023-04-15,400,560.8,0.0,4.6,92.9,3.0,46.2,66.4,7.8
2023-04-16,400,921.2,0.0,16.4,65.8,4.8,60.9,95.8,17.8
2023-04-17,400,894.6,0.1,13.6,87.9,5.6,58.6,93.4,14.8
2023-04-18,400,711.0,0.1,9.8,106.6,7.0,54.7,86.2,11.0
2023-04-19,400,1268.4,0.1,21.0,91.2,7.7,82.6,126.8,20.0
2023-04-20,400,1802.4,0.5,31.7,34.2,7.6,112.0,162.2,23.7
2023-04-21,400,1221.7,0.1,21.7,27.6,3.6,58.8,97.3,17.4
2023-04-22,400,1148.2,0.1,20.2,48.0,4.4,51.5,91.2,17.7
2023-04-23,400,741.0,0.1,13.2,87.2,5.5,35.2,52.6,5.2
2023-04-24,400,1455.3,0.1,20.6,21.2,5.0,83.6,117.4,11.0
2023-04-25,400,1608.8,0.1,22.4,67.2,7.8,87.4,118.9,18.2
2023-04-26,400,630.8,0.0,8.2,91.2,4.0,27.7,42.2,9.5
2023-04-27,400,664.2,0.0,9.4,75.8,3.2,25.9,39.2,9.4
2023-04-28,400,587.4,0.0,6.8,93.6,2.2,28.6,39.6,8.3
2023-04-29,400,510.7,0.0,4.4,98.7,2.5,24.0,31.4,5.8
2023-04-30,400,590.8,0.0,9.1,59.7,4.6,24.0,29.6,3.6
2023-05-01,400,711.0,0.4,13.4,41.2,5.0,25.2,33.7,2.8
2023-05-02,400,1895.9,1.1,30.5,15.8,6.0,100.6,136.4,9.2
2023-05-03,400,1094.8,0.3,14.4,45.6,8.0,45.0,63.0,3.2
2023-05-04,400,650.8,0.2,9.8,49.9,4.6,24.4,33.2,3.1
2023-05-05,400,540.8,0.1,6.4,66.2,3.2,21.6,28.8,3.0
2023-05-06,400,701.0,0.1,9.9,51.9,3.0,29.8,42.8,6.6
2023-05-07,400,877.9,0.1,11.6,50.2,4.5,45.8,67.5,9.1
2023-05-08,400,1128.2,0.2,17.2,38.8,5.6,60.8,93.2,12.4
2023-05-09,400,1221.6,0.4,19.4,28.8,5.5,70.9,108.6,10.3
2023-05-10,400,1181.6,0.1,16.6,58.0,5.8,70.2,106.4,9.7
2023-05-11,400,1335.1,0.1,18.8,50.6,5.5,87.4,124.7,9.3
2023-05-12,400,881.2,0.1,14.7,125.9,7.0,60.0,78.6,8.0
2023-05-13,400,1134.8,0.0,15.8,74.0,5.5,87.1,111.7,8.4
2023-05-14,400,804.4,0.0,10.4,50.0,3.9,50.8,67.9,4.2
2023-05-15,400,894.5,0.1,13.6,59.0,4.5,53.3,74.0,3.0
2023-05-16,400,1348.4,0.1,17.2,25.3,5.6,80.6,108.2,7.2
2023-05-17,400,1482.1,0.1,25.4,39.0,7.6,100.4,130.9,9.0
2023-05-18,400,741.0,0.1,7.6,76.6,5.0,68.4,78.9,2.9
2023-05-19,400,1061.4,0.1,13.6,53.2,3.8,70.8,96.8,5.5
2023-05-20,400,857.8,0.1,10.9,55.8,3.8,70.5,96.5,4.1
2023-05-21,400,954.6,0.1,14.0,44.0,3.6,58.4,85.4,4.7
2023-05-22,400,831.2,0.1,9.2,85.1,4.6,56.4,72.5,3.4
2023-05-23,400,1462.0,0.2,14.9,24.2,5.8,78.6,106.0,2.8
2023-05-24,400,791.0,0.1,9.2,77.6,7.8,31.6,36.2,2.3
2023-05-25,400,1121.5,0.2,15.2,36.4,4.8,46.2,56.1,3.3
2023-05-26,400,824.4,0.1,10.2,82.2,7.0,43.2,50.6,2.8
2023-05-27,400,958.0,0.2,10.4,47.9,3.0,35.6,48.4,3.1
2023-05-28,400,627.6,0.1,6.1,62.6,2.6,31.1,37.6,1.8
2023-05-29,400,854.5,0.1,8.8,65.4,3.6,42.8,55.6,2.2
2023-05-30,400,1101.5,0.1,11.6,33.8,3.6,54.3,72.7,5.2
2023-05-31,400,821.1,0.1,10.4,56.9,3.2,49.0,69.4,6.4
2023-06-01,400,807.8,0.1,13.2,53.6,5.1,49.0,70.6,7.2
2023-06-02,400,534.0,0.1,7.0,85.8,5.0,47.4,66.9,4.8
2023-06-03,400,487.4,0.1,7.2,81.8,3.8,37.8,53.6,4.9
2023-06-04,400,784.4,0.1,11.9,47.2,3.3,37.4,53.2,7.2
2023-06-05,300,807.8,0.1,12.4,44.3,4.0,45.2,60.6,6.6
2023-06-06,400,914.6,0.2,13.8,44.8,5.0,47.6,64.8,6.7
2023-06-07,400,1088.2,0.1,14.2,32.7,5.2,63.2,83.3,5.6
2023-06-08,400,961.3,0.1,12.6,47.6,5.3,52.8,70.6,6.8
2023-06-09,300,600.8,0.1,10.0,89.0,4.9,33.2,41.4,4.2
2023-06-10,400,787.7,0.0,9.4,77.6,4.6,45.3,53.4,3.2
2023-06-11,400,537.4,0.1,6.3,83.0,3.8,30.8,34.2,2.7
2023-06-12,200,560.8,0.0,5.4,72.6,5.8,37.6,40.4,2.1
2023-06-13,200,681.0,0.0,7.8,65.0,5.8,40.1,44.4,2.2
2023-06-14,200,574.1,0.0,6.0,74.1,5.8,23.3,27.0,1.6
2023-06-15,200,514.0,0.0,6.4,66.2,5.7,26.1,32.1,2.2
2023-06-16,300,804.4,0.1,8.6,27.6,3.6,42.2,54.0,3.2
2023-06-17,400,784.4,0.1,9.2,25.0,3.0,36.7,47.4,2.6
2023-06-18,300,580.8,0.1,8.2,43.6,3.2,34.8,40.4,2.2
2023-06-19,200,433.9,0.1,5.2,59.7,3.2,21.8,24.3,1.8
2023-06-20,200,447.2,0.1,5.8,52.2,3.6,16.8,21.8,2.2
2023-06-21,200,547.4,0.1,8.8,47.8,5.9,19.6,23.9,1.4
2023-06-22,200,607.4,0.1,7.0,75.5,6.3,20.6,23.9,1.4
2023-06-23,300,751.0,0.0,11.3,46.7,8.4,28.0,31.2,1.2
2023-06-24,100,627.5,0.0,6.2,49.8,5.1,14.6,16.1,1.1
2023-06-25,300,560.8,0.1,8.5,31.8,4.7,18.8,22.3,1.6
2023-06-26,400,1194.9,0.2,15.0,14.2,7.5,45.1,54.3,2.4
2023-06-27,400,514.0,0.0,9.1,35.2,7.0,12.2,14.8,1.2
2023-06-28,100,497.4,0.0,9.3,42.0,7.4,11.2,13.4,1.2
2023-06-29,100,388.8,0.0,5.7,40.8,4.2,8.2,9.6,1.2
2023-06-30,100,437.2,0.0,7.3,41.7,5.2,9.1,11.0,1.1
2023-07-01,100,407.2,0.0,6.4,32.9,4.2,9.6,10.8,1.0
2023-07-02,100,413.9,0.0,6.0,39.8,4.4,13.2,14.0,0.9
2023-07-03,100,514.0,0.0,6.8,42.2,4.6,14.1,15.2,0.8
2023-07-04,100,570.8,0.0,7.6,40.2,5.7,17.9,19.3,1.0
2023-07-05,100,604.2,0.1,7.7,34.9,4.7,16.4,19.0,1.2
2023-07-06,200,684.2,0.0,10.1,59.0,8.7,22.4,24.0,0.7
2023-07-07,200,447.2,0.0,8.4,29.8,5.1,8.4,10.2,1.1
2023-07-08,100,393.8,0.1,6.2,41.8,4.6,8.2,9.8,1.0
2023-07-09,100,380.5,0.0,7.4,48.2,5.2,10.3,11.2,0.8
2023-07-10,100,494.0,0.0,11.8,34.2,8.1,11.4,13.0,1.0
2023-07-11,200,494.0,0.0,8.6,55.1,6.7,13.0,14.4,0.8
2023-07-12,100,524.0,0.1,9.6,36.4,7.2,16.8,18.0,0.7
2023-07-13,200,627.5,0.0,11.4,57.6,10.3,26.9,28.8,0.8
2023-07-14,200,544.0,0.0,9.0,46.5,7.2,15.5,16.6,0.6
2023-07-15,100,474.0,0.0,6.9,44.7,4.6,17.2,17.8,0.8
2023-07-16,100,617.5,0.0,13.2,49.0,7.1,19.1,20.4,0.8
2023-07-17,100,487.3,0.0,10.2,34.3,7.8,10.5,11.8,0.8
2023-07-18,100,410.6,0.1,8.1,40.2,7.2,11.4,12.4,0.8
2023-07-19,100,494.0,0.0,15.1,16.1,8.0,13.9,14.8,0.9
2023-07-20,400,607.5,0.0,12.2,78.0,8.7,23.1,24.7,1.0
2023-07-21,200,560.8,0.0,10.2,71.6,8.4,23.1,24.4,1.0
2023-07-22,100,494.0,0.1,7.6,37.2,4.2,10.6,11.4,1.0
2023-07-23,100,480.6,0.1,8.0,30.0,4.2,10.2,11.8,1.0
2023-07-24,100,390.5,0.0,9.5,29.1,7.0,9.1,10.4,0.9
2023-07-25,100,363.8,0.0,8.3,34.7,6.6,9.4,10.0,0.8
2023-07-26,200,430.6,0.0,11.3,34.6,8.0,13.0,14.2,1.0
2023-07-27,200,654.2,0.1,11.4,35.2,8.6,21.0,22.1,1.1
2023-07-28,200,550.8,0.1,10.4,38.6,7.0,18.2,19.4,0.8
2023-07-29,200,577.4,0.0,13.4,37.8,7.6,17.7,19.7,0.9
2023-07-30,200,494.0,0.0,9.8,43.6,6.6,12.6,13.3,0.8
2023-07-31,200,667.6,0.2,17.0,24.6,7.8,23.8,26.4,0.9
2023-08-01,300,887.8,0.1,12.4,30.4,5.0,33.2,38.0,1.6
2023-08-02,400,540.7,0.1,8.6,32.2,4.0,11.4,15.0,1.5
2023-08-03,200,691.0,0.0,15.2,25.4,8.9,19.2,22.2,1.5
2023-08-04,100,440.6,0.0,8.6,34.5,6.2,8.7,10.9,1.3
2023-08-05,100,514.0,0.0,11.4,44.7,7.2,15.2,17.4,1.0
2023-08-06,100,514.0,0.0,8.2,37.9,5.2,12.1,13.8,1.0
2023-08-07,200,754.4,0.0,16.8,34.2,9.4,27.5,29.5,1.2
2023-08-08,200,754.4,0.4,15.0,10.1,8.0,23.5,25.7,1.6
2023-08-09,200,630.8,0.1,7.9,35.0,8.0,27.4,30.1,1.2
2023-08-10,100,660.9,0.0,8.6,39.0,5.0,17.9,19.6,1.6
2023-08-11,200,751.0,0.0,13.9,25.0,7.3,15.0,18.1,1.3
2023-08-12,200,731.0,0.0,11.6,31.6,7.0,15.2,17.5,1.0
2023-08-13,100,610.8,0.0,11.6,33.2,7.0,18.8,20.6,1.0
2023-08-14,200,574.1,0.4,9.8,26.6,4.0,20.5,22.8,1.4
2023-08-15,300,437.2,0.1,7.6,32.2,3.6,9.9,13.2,1.2
2023-08-16,100,477.3,0.0,10.6,25.0,6.0,8.9,11.4,1.3
2023-08-17,200,654.2,0.4,11.4,28.5,8.1,27.8,29.9,1.8
2023-08-18,300,867.8,0.0,11.8,32.2,8.2,22.4,24.6,1.3
2023-08-19,300,777.8,0.0,9.2,55.0,6.4,15.8,17.6,1.1
2023-08-20,200,607.5,0.0,10.3,37.6,7.0,16.5,18.6,1.2
2023-08-21,200,557.4,0.0,11.6,30.2,8.2,20.4,22.6,1.2
2023-08-22,200,584.2,0.0,13.6,33.4,9.1,22.2,24.7,1.4
2023-08-23,200,804.4,0.1,20.4,17.2,11.8,31.4,34.7,1.2
2023-08-24,200,804.4,0.0,18.0,26.4,9.9,29.6,32.7,1.2
2023-08-25,200,574.1,0.1,7.8,23.8,5.1,14.9,16.5,1.0
2023-08-26,200,677.6,0.0,10.2,26.1,6.0,20.2,21.6,1.2
2023-08-27,300,751.0,0.1,10.2,43.4,5.4,32.0,34.8,1.5
2023-08-28,300,721.0,0.2,10.2,39.0,3.9,34.6,40.4,1.8
2023-08-29,300,594.1,0.0,8.9,57.6,7.0,44.6,49.7,1.7
2023-08-30,300,737.7,0.1,10.4,56.8,6.3,46.0,48.2,1.7
2023-08-31,400,680.9,0.1,10.0,57.6,6.9,32.0,35.8,1.4
2023-09-01,400,701.0,0.4,14.2,35.0,3.7,28.2,32.7,2.0
2023-09-02,400,1508.8,0.3,13.0,8.6,7.4,66.8,79.2,2.9
2023-09-03,400,881.2,0.1,8.2,38.4,4.6,32.2,38.3,2.6
2023-09-04,400,1201.6,0.2,16.5,50.4,8.1,48.7,63.0,3.4
2023-09-05,400,1815.8,0.2,17.2,56.4,9.0,113.2,140.4,6.4
2023-09-06,400,1421.9,0.2,13.4,82.9,8.5,77.9,96.3,3.8
2023-09-07,400,1542.1,0.2,12.5,55.4,8.9,59.2,66.4,3.3
2023-09-08,400,1061.4,0.0,13.0,61.8,10.0,50.8,56.6,2.1
2023-09-09,100,534.0,0.0,6.6,36.8,4.2,15.0,18.5,1.8
2023-09-10,200,584.1,0.0,8.4,34.0,6.3,15.6,19.5,1.8
2023-09-11,200,704.3,0.2,13.2,53.6,8.1,24.0,29.4,2.0
2023-09-12,300,691.0,0.0,12.1,65.1,8.5,31.0,33.6,1.8
2023-09-13,400,881.2,0.6,19.2,30.6,8.6,37.9,42.7,2.8
2023-09-14,400,1355.2,0.2,16.6,44.8,5.6,69.4,79.2,3.4
2023-09-15,400,1381.9,0.2,14.2,67.6,7.8,75.9,84.0,3.2
2023-09-16,400,1121.6,0.3,11.6,24.0,4.5,49.4,57.8,2.7
2023-09-17,400,781.1,0.2,11.4,28.6,5.5,34.8,43.0,2.8
2023-09-18,400,1094.8,0.2,13.2,68.6,8.8,69.8,78.4,2.7
2023-09-19,400,754.4,0.0,10.2,63.6,8.0,58.8,65.4,2.3
2023-09-20,400,757.7,0.1,11.6,48.8,5.6,34.4,39.5,2.2
2023-09-21,400,1121.6,0.0,14.8,61.8,13.0,75.6,81.6,1.9
2023-09-22,400,948.0,0.1,14.8,42.7,8.8,41.1,48.0,2.4
2023-09-23,400,881.2,0.2,12.0,16.0,5.4,24.2,28.0,1.6
2023-09-24,200,701.0,0.1,9.6,37.4,5.2,19.8,22.9,1.8
2023-09-25,400,1168.2,0.8,20.0,5.8,6.4,38.2,48.8,2.8
2023-09-26,400,874.5,0.2,13.4,57.2,7.4,34.1,45.6,2.8
2023-09-27,400,954.6,0.5,10.6,49.2,5.2,64.2,73.3,2.6
2023-09-28,400,934.6,0.2,9.6,67.6,6.3,73.8,79.8,3.3
2023-09-29,400,1882.6,0.2,22.1,26.2,8.6,124.0,154.4,7.4
2023-09-30,400,2403.3,0.0,19.0,15.2,9.2,220.4,250.2,12.5
2023-10-02,400,1094.8,0.2,15.6,52.9,8.3,54.2,64.0,3.4
2023-10-03,400,1421.9,0.0,20.7,28.8,9.6,67.3,79.2,2.3
2023-10-04,400,1395.2,0.7,18.0,16.2,6.5,61.4,73.7,2.2
2023-10-05,400,510.7,0.2,6.4,36.1,3.6,11.4,17.4,1.4
2023-10-06,300,670.9,0.2,13.1,29.3,5.8,23.0,29.1,2.0
2023-10-07,400,954.6,0.4,9.2,31.6,3.2,46.3,55.4,1.8
2023-10-08,400,1108.2,0.4,12.4,20.0,4.0,57.2,65.2,2.2
2023-10-09,400,1168.2,0.2,14.8,55.1,7.4,72.2,88.4,2.8
2023-10-10,400,1508.7,0.4,11.4,40.8,5.4,102.3,119.0,1.6
2023-10-11,400,1181.6,0.3,10.9,27.6,4.6,75.8,87.4,1.5
2023-10-12,400,1161.6,0.2,12.0,82.9,8.0,105.2,118.5,2.8
2023-10-13,400,1181.6,0.1,12.6,63.0,6.4,101.0,121.7,2.4
2023-10-14,400,1068.2,0.3,9.6,31.2,3.8,79.1,88.5,2.2
2023-10-15,400,1355.2,0.6,14.0,22.2,4.4,93.0,109.3,3.2
2023-10-16,400,1648.9,0.2,14.5,27.4,7.4,102.0,117.6,2.1
2023-10-17,400,2416.6,8.0,30.5,0.8,8.7,156.3,188.0,9.6
2023-10-18,400,1882.6,2.0,26.4,10.2,8.0,123.6,171.3,5.4
2023-10-19,400,1428.6,0.6,18.4,25.2,5.0,87.4,134.3,4.4
2023-10-20,400,1034.8,0.2,14.5,38.6,5.0,63.4,95.8,2.9
2023-10-21,400,1134.9,0.1,12.6,37.2,4.3,89.9,117.2,3.3
2023-10-22,400,1181.6,0.1,14.6,28.2,4.8,89.6,119.8,6.6
2023-10-23,400,1855.8,0.5,23.6,16.7,8.2,119.9,164.4,12.5
2023-10-24,400,1735.7,0.1,22.6,28.7,7.4,108.6,160.9,10.9
2023-10-25,400,1335.2,0.2,20.9,24.2,6.4,83.0,120.4,8.9
2023-10-26,400,1308.4,0.2,18.7,29.0,6.6,100.6,143.7,5.1
2023-10-27,400,968.0,0.1,14.0,34.5,5.4,64.4,89.6,5.2
2023-10-28,400,821.1,0.0,12.5,42.9,3.8,43.0,66.0,3.0
2023-10-29,400,887.8,0.0,12.8,28.2,3.4,48.2,74.2,4.0
2023-10-30,400,1215.0,0.1,17.2,21.0,5.8,67.2,96.9,5.8
2023-10-31,400,968.0,0.0,14.0,36.2,5.4,53.9,81.8,5.5
2023-11-01,400,1628.9,0.4,24.4,19.6,7.8,97.6,147.2,10.4
2023-11-02,400,1869.2,0.4,27.2,16.9,7.4,131.6,181.8,9.4
2023-11-03,400,1041.4,0.1,15.7,34.2,6.3,77.9,112.7,5.2
2023-11-04,400,1255.0,0.2,18.8,25.6,3.9,87.2,122.5,6.2
2023-11-05,400,1361.8,0.0,18.7,41.8,5.6,80.1,117.2,5.2
2023-11-06,400,1495.4,0.1,20.2,32.6,5.8,114.5,154.6,4.1
2023-11-07,400,1161.6,0.2,19.4,26.1,5.5,78.7,121.2,8.3
2023-11-08,400,1315.1,0.3,20.5,21.0,5.8,85.0,130.4,12.1
2023-11-09,400,1802.4,0.3,28.2,22.9,8.6,123.6,175.3,17.1
2023-11-10,400,1482.0,0.0,21.9,42.9,7.4,118.7,171.8,9.0
2023-11-11,400,1482.0,0.1,23.0,23.6,6.8,98.8,145.7,9.9
2023-11-12,400,1515.4,0.0,20.5,30.0,7.0,107.1,145.7,9.1
2023-11-13,400,1381.9,0.1,21.4,32.2,8.2,105.7,145.8,12.3
2023-11-14,400,1422.0,0.1,24.2,33.2,7.8,109.2,154.0,12.4
2023-11-15,400,1508.7,0.0,27.0,35.2,11.9,120.8,167.9,13.4
2023-11-16,400,1729.0,0.0,22.8,39.2,10.1,148.7,190.6,7.1
2023-11-17,400,1662.2,0.1,22.5,26.6,6.4,124.4,168.3,12.0
2023-11-18,400,1235.0,0.2,19.9,20.8,3.2,74.2,105.4,3.4
2023-11-19,400,1381.8,0.3,19.2,16.0,5.6,96.8,135.4,6.2
2023-11-20,400,1662.2,0.2,26.4,21.0,12.2,126.0,167.7,13.6
2023-11-21,400,2069.4,0.1,31.7,20.1,7.4,160.9,219.0,8.6
2023-11-22,400,2069.4,0.1,30.6,27.9,7.1,151.6,212.5,7.6
2023-11-23,400,2336.5,0.4,34.4,14.1,7.8,190.6,246.5,11.6
2023-11-24,400,1388.6,0.0,22.2,48.0,10.2,114.2,146.1,8.4
2023-11-25,400,1215.0,0.0,18.8,47.9,6.7,94.6,128.6,6.2
2023-11-26,400,1642.2,0.0,24.5,27.0,8.4,130.2,176.6,10.5
2023-11-27,400,1829.2,0.2,31.7,22.8,10.2,133.1,195.8,12.9
2023-11-28,400,1722.4,0.1,27.2,25.0,8.4,94.6,141.9,9.1
2023-11-29,400,1842.5,0.4,29.6,15.6,9.0,120.3,165.1,10.2
2023-11-30,400,1749.0,0.6,30.5,13.0,6.8,94.7,143.2,10.1
2023-12-01,400,1762.4,0.6,26.9,17.6,8.0,109.6,165.9,13.0
2023-12-02,400,1328.4,0.2,20.7,22.0,8.2,86.2,130.2,16.6
2023-12-03,400,1301.8,0.2,21.1,26.0,9.0,78.8,115.6,17.1
2023-12-04,400,1669.0,0.8,26.1,19.7,12.4,101.5,160.0,20.3
2023-12-05,400,1575.5,0.7,23.3,15.4,6.5,85.2,136.7,12.2
2023-12-06,400,1735.7,1.2,26.8,12.0,9.0,100.8,150.1,15.2
2023-12-07,400,2136.2,0.0,31.0,39.0,10.5,169.6,229.9,11.4
2023-12-08,400,1575.4,0.4,27.0,30.6,11.0,117.8,173.9,15.3
2023-12-09,400,1074.8,0.0,16.0,58.3,7.4,84.6,120.0,9.9
2023-12-10,400,1508.7,0.2,20.8,31.8,6.4,115.7,155.2,8.6
2023-12-11,400,1542.1,0.0,18.4,37.6,6.8,126.8,176.4,5.8
2023-12-12,400,1448.6,0.1,20.2,27.0,4.8,105.6,147.8,5.2
2023-12-13,400,1281.8,0.2,24.3,37.4,6.1,101.5,139.2,7.7
2023-12-14,400,1936.0,0.2,31.9,37.8,10.6,132.4,180.8,16.0
2023-12-15,400,2243.0,0.0,34.1,39.4,18.1,191.0,240.2,28.5
2023-12-16,400,3070.8,0.0,42.4,49.7,26.0,332.1,407.8,44.8
2023-12-17,400,2029.4,0.0,25.5,44.0,13.2,214.3,276.5,27.6
2023-12-18,400,2443.4,0.0,39.2,33.1,20.8,210.6,295.6,35.7
2023-12-19,400,2256.4,0.1,36.5,34.0,14.2,201.0,264.3,24.0
2023-12-20,400,2016.0,0.0,32.8,48.4,17.6,178.0,228.4,25.0
2023-12-21,400,2563.5,0.0,37.7,52.6,19.6,245.8,326.7,33.0
2023-12-22,400,2550.2,0.0,36.0,43.1,13.2,272.3,339.8,23.7
2023-12-23,400,1815.8,0.0,22.8,41.8,7.7,205.8,256.1,11.6
2023-12-24,400,1495.4,0.0,24.2,37.4,6.6,123.0,167.0,14.2
2023-12-25,400,1815.8,0.1,25.2,30.6,10.4,139.6,187.6,18.6
2023-12-26,400,1802.4,0.0,23.0,46.3,10.2,133.8,184.8,16.0
2023-12-27,400,2416.6,0.0,33.9,37.4,10.4,220.8,290.8,16.0
2023-12-28,400,1495.4,0.0,17.9,43.3,9.6,149.4,188.3,10.1
2023-12-29,400,1695.6,0.1,24.4,37.6,9.2,133.8,178.0,11.8
2023-12-30,400,1689.0,0.0,22.8,29.4,6.4,121.6,177.3,10.2
2023-12-31,400,1508.8,0.0,23.6,33.6,8.4,120.6,153.2,16.8
2024-01-01,400,2016.0,0.2,30.5,21.8,9.6,167.0,227.4,15.8
2024-01-02,400,2082.8,0.4,32.2,18.8,8.2,165.9,226.0,14.6
2024-01-03,400,1962.6,0.4,30.7,20.5,10.0,152.1,216.7,19.0
2024-01-04,400,1535.4,0.2,28.4,27.7,12.6,111.5,169.0,23.2
2024-01-05,400,1882.6,0.3,30.5,24.0,10.4,136.6,197.8,20.2
2024-01-06,400,1361.8,0.0,21.6,33.4,6.4,96.4,145.6,12.8
2024-01-07,400,1288.4,0.0,20.2,39.0,7.2,86.4,130.0,15.4
2024-01-08,400,1568.8,0.2,27.6,36.3,11.1,113.1,173.1,21.0
2024-01-09,400,1575.5,0.0,27.1,24.0,11.9,124.2,180.2,22.6
2024-01-10,400,2136.2,0.4,28.8,22.7,11.7,154.2,235.2,25.6
2024-01-11,400,3418.0,0.2,47.6,46.7,18.8,304.8,386.5,20.8
2024-01-12,400,2269.7,0.0,30.4,44.2,15.4,190.4,245.6,23.0
2024-01-13,400,1936.0,0.0,28.3,43.3,14.2,162.3,214.6,26.9
2024-01-14,400,1762.4,0.0,25.0,49.0,12.0,158.2,209.4,21.4
2024-01-15,400,2056.1,0.0,32.0,37.9,10.0,192.5,249.6,15.9
2024-01-16,400,1655.6,0.0,27.8,32.9,7.6,140.0,188.9,11.6
2024-01-17,400,2189.6,0.2,30.0,33.6,8.0,157.9,224.3,11.6
2024-01-18,400,1922.6,0.2,30.4,29.7,6.9,154.0,204.5,8.2
2024-01-19,400,2296.4,0.1,34.6,28.6,9.8,187.0,251.0,14.8
2024-01-20,400,1949.3,0.0,26.1,36.4,7.6,168.0,222.9,11.6
2024-01-21,400,1575.5,0.0,25.0,47.6,10.0,122.5,178.6,17.1
2024-01-22,400,1936.0,0.0,31.7,47.9,15.2,187.8,228.6,22.4
2024-01-23,400,2390.0,0.0,36.0,43.8,10.0,224.3,288.6,23.5
2024-01-24,400,1535.4,0.0,23.5,48.6,8.7,123.8,171.6,11.4
2024-01-25,400,1241.6,0.0,19.0,48.1,5.8,97.2,142.8,8.8
2024-01-26,400,1482.1,0.0,22.8,45.0,7.8,115.1,159.5,13.8
2024-01-27,400,1355.2,0.0,22.4,71.2,7.0,112.2,151.8,12.6
2024-01-28,400,1642.2,0.0,24.8,45.4,9.4,168.0,221.3,16.3
2024-01-29,400,1595.5,0.0,25.7,45.6,8.6,166.9,221.0,17.1
2024-01-30,400,1695.6,0.0,25.5,38.8,7.9,162.6,219.0,10.2
2024-01-31,400,1635.6,0.0,24.8,35.0,6.2,156.0,212.1,6.8
2024-02-01,400,1555.4,0.2,27.8,23.4,6.9,122.0,176.0,8.1
2024-02-02,400,1281.8,0.2,27.8,36.4,7.4,90.9,138.9,17.6
2024-02-03,400,1602.2,0.0,30.4,49.2,8.4,118.2,172.6,15.0
2024-02-04,400,2256.4,0.1,38.6,30.0,10.0,184.9,226.4,13.6
2024-02-05,400,1802.4,0.2,30.7,29.8,7.6,114.2,174.8,18.6
2024-02-06,400,1555.4,0.2,30.5,36.6,8.6,100.5,161.0,27.1
2024-02-07,400,2069.4,0.1,36.4,37.9,14.7,131.6,207.1,45.6
2024-02-08,400,1869.2,0.3,32.2,32.0,7.6,143.0,198.8,16.3
2024-02-09,400,1615.5,0.0,22.4,93.7,15.8,170.8,231.6,17.4
2024-02-10,400,1502.0,0.0,22.4,80.4,8.7,133.0,181.0,17.4
2024-02-11,400,1488.7,0.0,24.2,45.8,7.8,127.2,169.1,19.2
2024-02-12,400,1562.1,0.1,28.8,44.2,10.6,132.0,182.3,22.0
2024-02-13,400,2363.2,0.2,43.4,29.5,13.2,185.0,247.3,32.0
2024-02-14,400,2122.8,0.0,31.4,45.6,8.4,175.6,229.6,11.4
2024-02-15,400,1582.2,0.0,27.6,37.6,7.4,131.0,174.8,16.8
2024-02-16,400,1415.2,0.0,21.0,51.3,7.4,115.1,161.8,16.8
2024-02-17,400,1195.0,0.0,19.4,49.0,5.9,102.2,141.2,14.2
2024-02-18,400,734.3,0.0,8.4,96.6,6.5,89.0,105.7,7.8
2024-02-19,400,1368.5,0.0,20.2,38.1,8.4,132.1,174.1,14.6
2024-02-20,400,1201.6,0.1,19.4,35.2,7.2,76.6,113.0,12.6
2024-02-21,400,1275.1,0.1,24.6,40.2,6.9,80.2,131.7,20.2
2024-02-22,400,594.2,0.0,8.8,96.6,4.8,31.2,48.8,7.4
2024-02-23,400,1355.2,0.0,23.6,51.5,8.1,86.8,136.3,17.8
2024-02-24,400,1208.3,0.0,21.5,67.2,7.2,75.8,118.5,18.8
2024-02-25,400,1141.6,0.0,20.2,64.8,9.4,83.5,129.3,23.3
2024-02-26,400,1168.2,0.0,19.2,66.9,8.6,88.2,134.2,18.4
2024-02-27,400,1255.0,0.0,24.5,50.4,8.4,97.9,146.6,23.5
2024-02-28,400,1175.0,0.0,23.8,58.3,6.7,77.2,125.4,19.0
2024-02-29,400,1682.2,0.1,29.5,47.7,8.8,118.6,177.6,17.1
2024-03-01,400,1575.4,0.0,26.8,66.2,10.0,130.6,179.1,23.0
2024-03-02,400,867.8,0.0,13.4,59.8,4.8,84.6,114.8,10.6
2024-03-03,400,901.2,0.1,15.6,33.2,4.6,42.9,63.4,7.2
2024-03-04,400,981.3,0.1,18.6,39.5,5.2,45.8,81.6,23.4
2024-03-05,400,948.0,0.0,19.2,47.6,4.9,48.2,87.8,24.5
2024-03-06,400,1154.9,0.0,22.8,41.8,8.0,65.8,105.0,26.0
2024-03-07,400,1074.8,0.1,20.5,48.7,5.0,63.2,107.0,22.2
2024-03-08,400,874.5,0.1,14.2,64.7,3.8,61.2,94.0,16.7
2024-03-09,400,1014.8,0.0,18.5,49.7,5.5,74.3,109.9,22.4
2024-03-10,400,737.6,0.0,9.1,98.4,6.0,72.8,85.3,13.0
2024-03-11,400,1281.8,0.1,22.6,46.7,6.4,102.2,150.4,13.0
2024-03-12,400,1094.8,0.2,22.0,57.6,7.0,65.8,107.0,24.0
2024-03-13,400,1268.4,0.1,27.0,52.2,8.6,85.9,130.0,27.8
2024-03-14,400,1148.2,0.1,23.2,59.4,7.6,67.8,115.2,24.8
2024-03-15,400,1281.7,0.0,25.7,56.8,9.0,82.4,125.2,19.8
2024-03-16,400,1048.1,0.0,19.6,56.5,5.8,61.2,95.9,19.5
2024-03-17,400,927.9,0.0,17.4,57.2,5.7,54.2,85.4,19.8
2024-03-18,400,1101.5,0.1,20.4,42.6,6.6,61.1,97.6,20.3
2024-03-19,400,1281.8,0.1,23.0,43.4,8.0,71.9,111.8,20.5
2024-03-20,400,524.0,0.0,6.2,113.0,6.4,46.4,55.3,6.2
2024-03-21,300,640.8,0.0,7.9,92.2,4.2,34.4,40.4,4.0
2024-03-22,300,594.1,0.0,5.8,87.2,2.4,24.0,32.4,3.6
2024-03-23,400,1215.0,0.1,17.9,41.0,5.8,76.6,93.9,6.8
2024-03-24,400,667.6,0.0,5.2,95.8,4.9,47.9,69.6,7.9
2024-03-25,400,1295.1,0.0,21.3,38.8,4.8,62.4,87.4,6.4
2024-03-26,400,1582.2,0.1,25.4,43.8,6.1,92.9,118.8,10.6
2024-03-27,400,1442.0,0.1,22.4,48.7,4.8,75.2,110.0,7.0
2024-03-28,400,1388.6,0.0,16.8,46.8,6.4,57.3,66.4,5.4
2024-03-29,400,1034.8,0.0,11.6,75.1,4.1,43.8,54.5,5.5
2024-03-30,400,1054.8,0.1,16.7,39.5,4.2,47.4,72.6,7.6
2024-03-31,400,981.4,0.1,15.4,40.8,5.1,43.4,68.8,20.2
2024-04-01,400,974.6,0.0,17.4,65.8,5.4,50.7,82.4,16.5
2024-04-02,400,1208.3,0.1,24.3,49.2,6.4,69.8,110.0,20.4
2024-04-03,400,914.6,0.0,15.9,68.7,5.4,54.8,85.3,16.5
2024-04-04,400,941.3,0.0,17.8,59.4,5.9,50.5,82.9,17.9
2024-04-05,400,974.6,0.0,16.5,57.2,5.4,48.8,79.8,13.0
2024-04-06,400,831.1,0.0,14.6,58.0,4.0,45.3,74.6,13.4
2024-04-07,400,741.0,0.0,13.1,59.8,5.0,42.4,70.6,14.8
2024-04-08,400,851.2,0.0,15.2,82.6,7.4,53.2,81.6,18.8
2024-04-09,400,941.3,0.0,14.8,86.6,8.1,53.2,79.4,16.2
2024-04-10,400,914.6,0.0,14.6,81.8,6.8,53.9,79.2,15.6
2024-04-11,400,1061.4,0.0,18.2,68.6,7.6,62.0,90.4,18.0
2024-04-12,400,1195.0,0.0,18.4,60.8,6.4,71.4,100.6,16.2
2024-04-13,400,881.2,0.0,13.4,56.2,5.0,50.1,70.6,15.2
2024-04-14,400,907.9,0.0,14.8,69.4,5.1,60.2,87.5,17.0
2024-04-15,300,921.2,0.0,16.6,51.5,8.8,61.8,92.7,31.7
2024-04-16,400,520.7,0.0,4.7,95.8,3.0,40.8,51.5,4.6
2024-04-17,400,974.6,0.1,13.8,48.6,5.3,48.4,72.1,14.5
2024-04-18,400,640.9,0.1,5.0,119.4,5.2,48.5,61.2,9.2
2024-04-19,400,1128.2,0.0,18.0,59.0,5.2,78.6,108.7,12.0
2024-04-20,400,994.7,0.0,14.2,61.8,4.6,58.3,90.2,14.2
2024-04-21,400,814.4,0.0,14.6,87.6,5.2,47.7,77.1,15.0
2024-04-22,400,670.9,0.0,10.1,105.8,5.6,34.8,53.8,11.6
2024-04-23,400,897.9,0.0,15.1,72.6,6.4,47.2,75.5,16.4
2024-04-24,400,887.8,0.0,16.4,88.3,7.2,47.4,76.1,17.5
2024-04-25,400,974.7,0.0,16.9,72.9,6.8,57.8,88.6,16.3
2024-04-26,400,961.3,0.0,15.4,66.5,6.8,58.2,85.5,16.1
2024-04-27,400,717.7,0.0,11.4,87.2,4.5,41.0,65.2,12.8
2024-04-28,300,580.8,0.0,7.2,106.6,4.4,36.2,59.6,9.7
2024-04-29,400,874.5,0.0,16.0,96.6,6.6,52.2,84.0,15.0
2024-04-30,400,1074.8,0.0,18.9,67.6,7.6,62.2,103.0,16.6
2024-05-01,400,801.0,0.0,16.0,66.5,8.2,41.8,71.0,9.6
2024-05-02,300,634.2,0.0,11.1,96.2,6.7,33.7,57.1,8.5
2024-05-03,400,988.0,0.0,17.5,75.5,9.1,51.2,73.8,10.4
2024-05-04,400,540.8,0.0,3.9,148.0,3.2,51.4,62.9,6.3
2024-05-05,400,494.0,0.0,4.0,112.3,3.5,46.2,62.4,5.9
2024-05-06,400,620.8,0.0,9.9,92.2,4.2,42.4,59.4,4.0
2024-05-07,400,1201.6,0.0,20.4,63.3,6.4,57.8,75.2,3.0
2024-05-08,400,921.2,0.0,12.4,35.8,3.8,34.5,39.5,2.4
2024-05-09,300,877.8,0.1,10.8,38.1,3.3,26.4,38.6,2.3
2024-05-10,400,1034.8,0.1,13.4,30.6,4.1,38.6,48.4,2.6
2024-05-11,300,691.0,0.0,9.2,76.9,4.0,20.8,26.0,2.0
2024-05-12,300,1021.4,0.1,13.0,30.8,3.4,36.8,45.0,3.2
2024-05-13,400,1175.0,0.1,14.6,35.8,4.2,40.6,53.0,4.0
2024-05-14,400,1121.6,0.1,14.6,36.3,3.9,52.0,76.1,2.6
2024-05-15,400,928.0,0.1,14.2,44.9,3.6,37.4,57.9,3.9
2024-05-16,400,737.7,0.0,12.0,67.6,4.4,41.0,60.6,7.0
2024-05-17,400,751.0,0.0,10.5,70.8,4.5,46.0,67.9,8.0
2024-05-18,400,767.7,0.0,9.7,66.5,5.8,45.6,64.6,8.6
2024-05-19,400,837.8,0.0,12.8,49.3,4.0,42.4,60.0,4.4
2024-05-20,400,1001.4,0.0,13.4,54.0,5.3,47.6,64.8,3.8
2024-05-21,400,1034.8,0.1,11.4,47.8,5.6,48.5,57.8,3.7
2024-05-22,400,1415.2,0.1,16.4,32.3,5.7,63.2,91.3,4.9
2024-05-23,400,1341.8,0.1,16.0,38.8,4.9,58.8,85.0,5.0
2024-05-24,400,1141.6,0.1,12.6,40.8,5.3,52.2,68.5,5.2
2024-05-25,400,627.5,0.0,4.1,76.2,2.2,29.0,34.8,2.1
2024-05-26,400,927.9,0.1,9.8,37.6,5.5,40.0,53.5,4.6
2024-05-27,400,1141.6,0.1,13.0,52.2,6.4,54.4,64.4,3.3
2024-05-28,400,827.8,0.1,9.4,40.2,3.6,36.7,51.6,2.8
2024-05-29,400,867.8,0.1,10.4,33.6,4.8,49.4,69.8,5.8
2024-05-30,400,941.3,0.1,12.4,42.4,3.9,55.8,77.2,5.2
2024-05-31,400,941.2,0.1,12.9,57.6,3.7,62.2,91.2,2.8
2024-06-01,400,667.6,0.1,10.4,49.2,3.2,56.2,76.1,2.7
2024-06-02,300,684.2,0.0,9.6,46.2,2.5,47.8,60.8,2.6
2024-06-03,300,784.4,0.1,11.4,46.0,3.4,41.5,56.8,3.0
2024-06-04,300,834.4,0.1,13.0,39.5,3.6,44.1,60.8,3.4
2024-06-05,400,974.6,0.1,13.0,61.2,6.7,51.3,73.4,4.8
2024-06-06,400,907.9,0.1,13.0,32.2,3.0,41.8,51.4,2.2
2024-06-07,400,781.0,0.1,10.4,28.8,3.0,39.0,50.4,3.0
2024-06-08,200,447.2,0.1,3.6,81.9,2.6,33.0,48.8,2.9
2024-06-09,300,600.8,0.1,6.8,44.0,2.6,44.2,63.6,3.0
2024-06-10,400,667.6,0.1,8.7,53.6,2.8,47.7,69.3,3.2
2024-06-11,300,507.4,0.1,4.0,83.0,2.7,49.5,68.0,3.4
2024-06-12,300,524.0,0.1,4.4,89.8,2.6,43.7,54.2,3.1
2024-06-13,300,467.3,0.1,3.2,101.6,3.7,40.5,48.8,3.6
2024-06-14,300,504.0,0.0,5.2,82.2,3.9,41.2,47.5,3.2
2024-06-15,200,480.6,0.0,2.8,97.3,2.9,32.5,39.0,3.1
2024-06-16,200,547.4,0.0,5.6,22.4,2.6,29.1,31.8,1.7
2024-06-17,200,587.5,0.0,8.8,44.7,4.3,33.3,37.3,2.8
2024-06-18,200,640.9,0.0,9.8,51.2,3.8,33.8,38.0,3.2
2024-06-19,300,694.3,0.1,9.6,45.8,5.6,42.4,51.4,3.0
2024-06-20,300,697.6,0.1,8.8,58.3,4.1,39.6,45.9,2.7
2024-06-21,200,664.2,0.1,9.6,50.0,3.6,28.8,36.2,2.3
2024-06-22,200,981.4,0.1,9.5,30.0,3.9,27.8,30.2,2.0
2024-06-23,300,941.2,0.0,9.0,29.3,3.8,27.4,31.0,1.6
2024-06-24,200,1148.2,0.2,13.2,18.2,3.8,29.5,36.4,2.1
2024-06-25,200,670.9,0.0,10.4,38.8,4.7,16.0,18.2,1.4
2024-06-26,200,724.3,0.2,12.0,19.3,6.3,18.9,21.9,1.6
2024-06-27,300,791.1,0.1,14.0,13.8,4.4,18.9,24.7,1.8
2024-06-28,300,707.6,0.0,9.8,51.2,5.3,22.9,25.5,1.2
2024-06-29,200,610.8,0.0,8.4,41.7,4.0,14.6,16.6,1.2
2024-06-30,200,634.2,0.0,9.8,33.4,5.8,22.8,25.4,1.5
2024-07-01,200,704.3,0.1,12.6,39.5,6.9,18.8,20.6,1.0
2024-07-02,100,777.7,0.1,11.0,33.0,5.2,16.5,17.5,1.0
2024-07-03,200,827.8,0.0,14.8,42.4,5.4,22.1,24.1,1.1
2024-07-04,200,620.8,0.1,13.9,26.8,5.7,13.8,16.0,1.0
2024-07-05,200,504.0,0.1,8.2,34.0,3.8,10.5,11.7,0.9
2024-07-06,100,467.3,0.1,6.3,24.8,2.7,9.4,10.4,0.9
2024-07-07,100,477.3,0.1,6.8,27.4,2.4,15.3,16.7,1.2
2024-07-08,200,557.4,0.0,10.0,45.2,4.6,16.7,18.2,1.2
2024-07-09,200,644.2,0.1,13.2,37.9,5.6,20.8,22.2,1.2
2024-07-10,200,694.3,0.1,15.5,35.0,7.3,20.2,22.2,0.7
2024-07-11,100,657.6,0.0,11.0,38.6,4.8,16.8,17.8,0.9
2024-07-12,100,624.2,0.2,8.8,21.8,3.2,13.9,15.8,1.0
2024-07-13,100,660.9,0.1,6.1,50.0,2.8,20.6,22.4,1.0
2024-07-14,200,574.1,0.1,6.1,57.6,3.6,14.8,16.0,1.0
2024-07-15,200,494.0,0.0,9.4,49.7,6.2,12.1,13.5,1.0
2024-07-16,200,537.4,0.1,13.0,21.1,6.2,15.0,16.6,1.0
2024-07-17,200,644.2,0.2,18.0,19.4,6.0,21.1,23.1,0.9
2024-07-18,200,510.7,0.0,15.4,35.6,7.5,15.0,17.0,0.9
2024-07-19,200,737.6,0.1,18.0,28.1,6.4,27.6,29.6,1.6
2024-07-20,200,751.0,0.1,12.3,17.0,4.0,18.3,19.5,1.0
2024-07-21,200,617.5,0.0,12.4,35.0,4.9,20.2,21.7,0.8
2024-07-22,200,754.4,0.0,17.0,35.4,7.0,26.4,28.2,1.0
2024-07-23,200,801.1,0.0,17.1,11.1,4.7,29.1,30.3,0.8
2024-07-24,200,734.3,0.1,13.5,43.3,6.2,24.3,26.1,1.0
2024-07-25,300,904.6,0.2,17.0,15.5,4.2,34.2,37.0,1.6
2024-07-26,300,874.5,0.1,15.7,26.4,4.3,30.8,32.8,1.4
2024-07-27,200,537.4,0.1,9.0,50.4,3.5,12.8,14.5,1.4
2024-07-28,100,524.0,0.0,10.0,25.3,3.8,11.4,12.8,1.0
2024-07-29,200,657.6,0.0,13.6,46.2,5.2,23.6,25.6,1.2
2024-07-30,200,460.6,0.1,10.1,37.2,4.8,12.3,13.6,0.8
2024-07-31,200,557.4,0.2,9.3,38.2,4.3,16.4,19.6,1.1
2024-08-01,200,637.6,0.2,11.4,23.4,3.6,17.5,20.8,1.2
2024-08-02,200,761.0,0.2,15.4,15.0,6.4,18.8,22.4,1.8
2024-08-03,200,460.6,0.1,5.7,35.4,2.6,8.6,11.0,1.5
2024-08-04,100,504.0,0.1,7.4,22.2,2.7,9.6,12.8,2.0
2024-08-05,300,670.9,0.1,11.0,37.7,7.8,27.2,30.2,1.6
2024-08-06,200,554.0,0.0,11.2,34.5,5.8,18.3,20.4,1.2
2024-08-07,300,784.4,0.1,12.0,50.4,7.0,49.8,53.7,1.6
2024-08-08,400,580.8,0.0,11.3,38.8,6.3,19.8,22.4,1.5
2024-08-09,200,504.0,0.1,11.4,40.0,4.9,11.3,13.6,1.4
2024-08-10,300,737.7,0.1,13.7,32.2,5.6,23.6,26.2,1.4
2024-08-11,300,771.0,0.3,9.8,11.0,3.1,21.0,24.6,2.0
2024-08-12,200,677.6,0.2,10.9,32.4,6.6,20.6,22.9,1.6
2024-08-13,200,914.6,0.0,13.2,30.6,7.2,25.4,30.6,1.6
2024-08-14,300,1034.8,0.2,16.0,48.0,7.4,32.0,37.6,2.2
2024-08-15,400,871.2,0.1,14.2,71.9,6.9,38.3,41.7,1.7
2024-08-16,300,767.7,0.0,10.8,81.6,6.8,32.5,35.6,1.6
2024-08-17,300,851.2,0.0,10.2,32.6,4.0,34.7,40.1,1.4
2024-08-18,300,644.2,0.1,8.4,63.6,3.7,19.5,23.2,1.4
2024-08-19,300,664.2,0.2,10.6,42.2,4.4,19.7,23.6,1.4
2024-08-20,200,727.7,0.3,12.1,13.8,3.8,19.0,22.6,1.2
2024-08-21,200,510.7,0.2,9.4,26.6,4.4,8.9,12.8,1.4
2024-08-22,300,1134.8,0.3,15.2,7.2,4.1,40.6,46.7,1.6
2024-08-23,300,1255.0,0.2,13.4,10.8,4.5,46.8,54.2,2.1
2024-08-24,300,620.8,0.2,8.4,25.0,2.9,16.1,19.8,1.8
2024-08-25,200,721.0,0.2,9.2,24.6,3.2,24.0,30.0,3.1
2024-08-26,300,1121.6,1.0,17.0,6.2,5.4,42.2,49.6,3.1
2024-08-27,400,3057.4,0.1,30.5,91.6,21.8,285.5,295.1,29.8
2024-08-28,400,2243.0,0.3,15.5,25.1,4.5,172.2,182.5,3.5
2024-08-29,300,1088.2,0.3,13.4,26.0,4.9,46.2,56.9,3.4
2024-08-30,400,1208.3,0.2,18.8,24.8,5.8,48.0,52.9,3.2
2024-08-31,300,674.2,0.1,8.5,54.0,4.2,25.9,28.4,1.3
2024-09-01,400,817.8,0.4,15.8,20.3,4.8,25.8,29.8,2.2
2024-09-02,400,1408.6,1.0,15.0,11.8,5.7,47.2,53.0,3.1
2024-09-03,400,1174.9,0.4,14.1,36.8,5.3,44.2,52.0,2.6
2024-09-04,400,1689.0,1.0,17.2,8.8,5.6,63.8,72.1,2.8
2024-09-05,300,781.0,0.1,16.7,25.9,6.6,24.7,28.4,2.3
2024-09-06,400,948.0,0.5,14.2,8.6,5.1,36.0,42.5,2.8
2024-09-07,400,1094.8,0.2,11.4,29.8,4.2,38.2,43.0,3.0
2024-09-08,300,1054.8,0.2,13.0,28.6,3.0,32.4,43.3,2.5
2024-09-09,300,1535.4,0.8,14.2,1.9,2.9,67.5,71.4,2.6
2024-09-10,400,1121.5,0.2,12.7,41.1,7.0,51.5,56.1,3.9
2024-09-11,300,994.7,0.2,11.6,15.7,4.4,31.8,38.3,3.6
2024-09-12,400,1068.2,0.3,15.6,10.7,6.3,32.5,44.4,5.6
2024-09-13,400,1148.2,0.3,13.4,15.4,5.2,39.2,55.0,5.2
2024-09-14,400,697.6,0.1,8.9,28.8,3.6,18.3,22.6,2.0
2024-09-15,300,777.8,0.6,8.6,12.4,2.8,21.2,26.8,2.2
2024-09-16,400,1348.4,0.5,15.6,9.4,5.9,52.0,61.1,3.6
2024-09-17,400,1375.2,0.5,15.7,9.9,5.0,62.8,83.9,4.2
2024-09-18,400,1348.5,0.2,14.4,34.2,6.8,70.0,86.8,4.2
2024-09-19,400,1215.0,0.2,14.0,22.2,3.8,53.8,62.7,3.1
2024-09-20,400,1388.6,0.2,16.4,19.2,4.8,50.8,62.2,3.9
2024-09-21,400,1682.3,0.1,17.5,30.8,9.3,98.4,108.6,5.4
2024-09-22,400,1008.0,0.1,15.2,38.4,5.6,62.6,86.5,7.4
2024-09-23,400,1081.5,0.0,14.0,38.1,6.2,62.7,88.6,5.4
2024-09-24,400,974.6,0.1,15.2,31.3,6.9,35.6,43.2,2.8
2024-09-25,300,1008.0,0.4,14.6,43.4,6.6,38.8,43.8,2.6
2024-09-26,400,861.2,0.2,12.5,22.1,5.6,41.4,48.0,2.0
2024-09-27,200,627.5,0.2,9.0,19.4,3.6,15.4,21.0,2.1
2024-09-28,200,867.8,0.1,10.5,15.2,3.0,31.1,40.8,3.4
2024-09-29,300,847.8,0.6,10.0,11.4,3.3,28.0,38.4,2.4
2024-09-30,300,871.2,0.4,11.8,28.6,3.6,32.8,41.3,2.7
2024-10-01,400,1134.9,0.1,14.0,33.3,7.7,55.7,68.6,3.2
2024-10-02,400,1268.4,0.0,15.1,41.2,8.2,61.0,69.2,3.0
2024-10-03,400,1568.8,0.7,12.8,10.4,4.7,73.7,88.7,2.6
2024-10-04,400,1395.2,0.4,16.6,12.8,4.4,57.8,72.0,2.8
2024-10-05,400,1295.1,0.2,11.8,18.4,4.4,51.4,60.6,2.7
2024-10-06,300,1341.8,0.8,12.6,9.6,3.9,55.2,65.8,2.8
2024-10-07,400,1341.8,1.2,12.2,14.4,3.7,61.2,71.6,2.0
2024-10-08,400,1108.2,0.3,10.9,26.8,3.5,47.8,64.4,2.8
2024-10-09,400,1054.8,0.4,10.8,29.0,3.2,43.6,56.9,2.2
2024-10-10,400,1228.4,0.8,13.6,21.3,4.1,57.6,71.9,2.6
2024-10-11,400,1335.2,0.2,14.2,21.2,3.4,72.7,88.4,2.9
2024-10-12,400,988.0,0.1,11.6,39.5,3.0,51.2,75.0,3.2
2024-10-13,400,961.3,0.2,11.5,38.8,3.0,63.9,82.8,2.9
2024-10-14,400,1368.6,0.2,16.0,24.1,4.2,82.2,97.8,3.4
2024-10-15,400,1502.0,0.1,16.0,22.4,5.2,89.0,105.8,4.2
2024-10-16,400,1575.4,0.1,20.2,29.2,6.1,113.0,152.6,3.8
2024-10-17,400,1528.8,0.2,19.1,24.4,7.2,107.3,130.8,4.8
2024-10-18,400,1448.6,0.1,17.9,23.2,4.7,90.8,106.1,3.8
2024-10-19,400,1435.2,0.1,14.0,26.3,3.8,74.8,94.0,2.7
2024-10-20,400,1214.9,0.1,12.8,29.5,3.0,63.4,73.0,2.3
2024-10-21,400,1308.4,0.1,13.8,27.9,4.6,68.4,87.5,3.9
2024-10-22,400,1575.5,0.1,19.6,17.4,6.2,91.2,125.4,10.2
2024-10-23,400,1655.6,0.2,21.2,15.6,6.2,98.1,137.0,9.0
2024-10-24,400,1041.4,0.2,15.7,32.6,5.1,60.0,90.2,3.0
2024-10-25,400,961.4,0.1,16.0,35.8,5.2,56.7,72.8,3.2
2024-10-26,400,1315.1,0.2,16.8,26.9,4.6,70.6,87.8,3.1
2024-10-27,400,1468.6,0.1,20.8,19.4,5.1,95.2,123.8,7.8
2024-10-28,400,1468.7,0.2,20.8,19.6,5.4,98.2,134.5,5.0
2024-10-29,400,1268.4,0.2,19.2,29.0,4.8,72.6,104.6,4.1
2024-10-30,400,1401.9,0.3,20.5,12.6,5.6,84.1,108.6,3.2
2024-10-31,400,1348.5,0.2,18.5,31.3,4.2,67.6,84.2,2.6
2024-11-01,400,1415.2,0.0,19.5,62.6,8.0,86.6,108.2,4.4
2024-11-02,400,1822.4,0.0,18.1,40.2,5.8,135.9,160.0,3.8
2024-11-03,400,1742.4,0.0,19.2,26.9,5.0,99.8,135.2,4.2
2024-11-04,400,1722.4,0.2,21.2,14.6,5.2,85.2,106.4,3.2
2024-11-05,400,1608.8,0.1,23.1,23.9,6.8,82.6,103.4,6.8
2024-11-06,400,1789.1,0.3,25.2,27.9,8.3,118.3,165.0,13.2
2024-11-07,400,1909.2,0.4,26.6,27.2,10.4,116.0,162.8,16.0
2024-11-08,400,1762.4,0.1,23.5,32.9,7.8,152.4,206.2,6.2
2024-11-09,400,1421.9,0.0,15.9,32.9,4.8,123.6,166.8,3.6
2024-11-10,400,1542.1,0.0,20.0,37.2,6.6,110.3,145.4,4.5
2024-11-11,400,1268.4,0.0,16.6,38.2,5.4,73.7,111.9,4.1
2024-11-12,400,1315.1,0.1,19.4,31.8,4.5,78.6,116.7,3.6
2024-11-13,400,1568.8,0.0,22.6,43.3,11.6,118.5,149.4,5.9
2024-11-14,400,1769.0,0.2,28.2,29.0,8.9,148.6,203.8,11.4
2024-11-15,400,1976.0,0.3,30.2,21.6,12.8,185.5,241.3,14.0
2024-11-16,400,1682.3,0.0,27.1,31.6,12.4,185.8,241.0,16.0
2024-11-17,400,1335.2,0.0,21.2,40.4,9.9,139.0,177.5,11.0
2024-11-18,400,1575.4,0.2,24.5,24.8,8.7,161.7,210.3,12.9
2024-11-19,400,1515.4,0.1,25.0,41.0,11.9,152.8,208.2,18.8
2024-11-20,400,1802.4,0.2,27.2,31.0,9.4,160.4,203.8,10.6
2024-11-21,400,1895.9,0.0,28.1,34.8,9.3,157.3,202.6,11.3
2024-11-22,400,1829.2,0.2,30.6,23.2,8.1,136.0,184.1,7.1
2024-11-23,400,1335.1,0.0,19.6,37.6,7.5,101.1,145.8,8.6
2024-11-24,400,1508.8,0.1,26.9,25.6,7.4,112.2,158.8,16.7
2024-11-25,400,1455.3,0.0,24.5,50.8,15.5,143.6,194.2,10.2
2024-11-26,400,1675.6,0.3,29.4,32.4,9.2,146.2,204.2,13.3
2024-11-27,400,1689.0,0.0,27.2,34.5,7.6,143.7,192.0,11.4
2024-11-28,400,1815.8,0.2,28.4,35.0,8.0,150.4,199.4,13.4
2024-11-29,400,1622.2,0.1,25.9,47.0,11.6,137.8,186.4,20.9
2024-11-30,400,1702.3,0.0,27.6,48.0,15.5,155.3,205.8,22.3
2024-12-01,400,1595.5,0.0,27.6,35.8,15.8,130.0,187.8,25.5
2024-12-02,400,1722.4,0.3,30.2,29.8,19.5,126.8,189.0,32.0
2024-12-03,400,1882.6,0.2,35.0,29.1,20.8,146.5,211.6,30.0
2024-12-04,400,2122.8,0.3,37.7,23.8,19.6,154.8,229.2,36.5
2024-12-05,400,2309.8,0.2,36.8,30.4,22.5,182.7,245.2,37.2
2024-12-06,400,3297.8,0.2,49.4,20.8,14.2,321.8,391.9,17.2
2024-12-07,400,2189.6,0.0,28.1,32.8,10.2,237.4,297.8,7.6
2024-12-08,400,1709.0,0.0,18.9,33.4,7.8,167.4,212.0,6.6
2024-12-09,400,1869.2,0.2,26.1,30.4,7.9,130.0,189.9,13.9
2024-12-10,400,1735.7,0.1,30.3,32.8,9.1,119.6,179.0,18.2
2024-12-11,400,2576.8,0.0,40.4,40.4,17.6,205.4,300.1,32.4
2024-12-12,400,1622.2,0.0,28.3,42.6,14.0,133.0,191.4,26.0
2024-12-13,400,2042.8,0.1,35.5,40.6,18.5,135.9,209.0,36.2
2024-12-14,400,2256.4,0.0,32.8,88.7,19.8,216.6,266.0,36.8
2024-12-15,400,1829.2,0.0,25.0,84.4,18.8,178.6,215.2,27.5
2024-12-16,400,3110.8,0.0,43.8,66.8,31.7,281.0,380.4,49.9
2024-12-17,400,2229.7,0.0,34.1,37.7,20.3,172.9,249.8,37.0
2024-12-18,400,2323.2,0.0,45.2,33.4,22.6,174.5,252.3,42.6
2024-12-19,400,2590.2,0.0,42.2,37.6,25.8,212.3,287.9,46.8
2024-12-20,400,2363.2,0.3,44.6,30.4,24.3,166.8,253.9,44.6
2024-12-21,400,1622.2,0.0,29.5,44.2,13.3,99.6,157.2,27.8
2024-12-22,400,1722.4,0.0,25.9,41.6,15.4,119.6,171.6,25.0
2024-12-23,400,2336.5,0.0,36.6,31.2,20.8,179.8,247.7,40.8
2024-12-24,400,2630.2,0.2,47.0,22.3,14.2,193.6,298.0,31.0
2024-12-25,400,2056.1,0.2,32.0,25.6,9.0,122.2,199.1,20.2
2024-12-26,400,1829.2,0.0,30.2,38.4,13.4,118.0,188.0,29.5
2024-12-27,400,2630.2,0.0,37.7,55.4,23.2,238.7,303.8,45.1
2024-12-28,400,1989.4,0.1,27.8,27.6,10.2,154.6,203.2,11.9
2024-12-29,400,1515.4,0.0,21.4,41.8,6.4,91.0,142.8,12.3
2024-12-30,400,1829.2,0.0,29.2,39.8,14.0,134.0,174.2,20.6
2024-12-31,400,2082.8,0.0,31.8,45.2,13.8,174.9,240.6,23.3
2025-01-01,400,2189.6,0.0,34.1,53.2,17.0,197.8,248.4,29.6
2025-01-02,400,2349.8,0.0,32.4,38.8,14.6,213.0,270.5,23.0
2025-01-03,400,3070.8,0.0,42.4,49.3,28.6,306.4,375.4,46.1
2025-01-04,400,3004.0,0.0,36.3,70.4,30.0,309.8,369.1,51.6
2025-01-05,400,2523.4,0.0,30.8,56.8,17.4,264.6,338.4,30.6
2025-01-06,400,2763.8,0.0,38.8,51.1,19.2,265.6,338.1,26.6
2025-01-07,400,1682.3,0.1,30.2,24.6,10.4,125.2,163.1,9.9
2025-01-08,400,3191.0,0.0,51.4,53.3,22.5,260.3,356.5,32.6
2025-01-09,400,3097.5,0.0,49.7,39.2,29.2,305.6,402.1,54.0
2025-01-10,400,3084.2,0.0,45.6,37.3,19.8,310.1,378.9,19.4
2025-01-11,400,2416.6,0.0,32.9,52.6,18.4,244.8,307.4,35.0
2025-01-12,400,1689.0,0.0,25.9,43.2,10.6,131.8,195.8,19.0
2025-01-13,400,1522.0,0.0,23.6,52.6,8.8,104.6,155.4,14.6
2025-01-14,400,2002.7,0.0,30.2,52.9,16.5,145.0,211.4,24.5
2025-01-15,400,2510.1,0.0,34.6,49.0,23.6,213.8,286.5,38.5
2025-01-16,400,2643.6,0.0,36.5,45.0,14.7,242.6,335.4,27.0
2025-01-17,400,1976.0,0.1,31.2,41.3,11.9,148.6,221.9,26.1
2025-01-18,400,1655.6,0.0,26.9,42.4,14.7,109.8,166.8,27.2
2025-01-19,400,1702.3,0.0,28.2,53.6,15.8,121.2,183.0,33.0
2025-01-20,400,1989.4,0.0,32.2,54.0,18.8,157.0,232.8,37.8
2025-01-21,400,1789.1,0.2,31.0,44.2,16.7,114.2,181.7,30.1
2025-01-22,400,1869.2,0.3,32.4,33.6,14.6,111.9,181.4,32.6
2025-01-23,400,1515.4,0.2,28.3,30.6,7.7,94.0,148.0,18.4
2025-01-24,400,1522.1,0.0,26.4,38.8,10.3,132.8,194.8,26.6
2025-01-25,400,1689.0,0.0,28.4,40.6,14.7,152.4,205.0,20.2
2025-01-26,400,1829.2,0.0,25.9,63.0,7.7,180.6,225.2,7.6
2025-01-27,400,2002.7,0.0,31.9,48.2,12.3,202.4,250.9,20.3
2025-01-28,400,1855.8,0.0,24.4,56.8,9.8,185.9,254.0,9.0
2025-01-29,400,2109.5,0.0,28.0,44.0,8.7,196.0,259.6,10.4
2025-01-30,400,2056.1,0.0,32.2,33.6,9.7,169.4,252.0,21.3
2025-01-31,400,1815.8,0.1,32.0,41.8,13.2,158.0,222.8,25.5
2025-02-01,400,1455.3,0.0,25.8,36.0,6.0,108.4,166.0,21.2
2025-02-02,400,1375.2,0.0,24.0,43.6,10.4,107.0,161.2,27.8
2025-02-03,400,2657.0,0.0,40.3,41.6,18.8,204.4,308.4,39.0
2025-02-04,400,1895.9,0.0,30.0,38.8,8.0,144.9,220.6,19.6
2025-02-05,400,1215.0,0.2,23.0,28.6,8.0,81.6,126.2,21.9
2025-02-06,400,1722.4,0.2,32.9,29.3,11.0,117.7,188.0,35.0
2025-02-07,400,2176.2,0.1,40.8,32.6,18.2,152.6,229.9,44.4
2025-02-08,400,2029.4,0.0,32.8,42.6,16.5,175.6,238.6,43.3
2025-02-09,400,1922.6,0.0,29.3,48.6,14.2,203.9,264.2,23.6
2025-02-10,400,1662.2,0.0,27.2,41.8,7.2,140.3,211.5,16.0
2025-02-11,400,1361.8,0.0,24.3,44.4,7.0,113.2,154.7,14.0
2025-02-12,400,1295.0,0.0,20.7,61.6,6.3,111.9,155.8,9.2
2025-02-13,400,1308.4,0.0,24.8,49.8,7.2,106.9,149.6,12.5
2025-02-14,400,1495.4,0.0,29.6,44.8,10.7,145.4,190.4,14.7
2025-02-15,400,1174.9,0.0,14.6,96.6,6.3,137.8,162.2,8.1
2025-02-16,400,1288.4,0.0,21.0,53.6,5.8,118.8,165.6,8.4
2025-02-17,400,1268.4,0.0,20.0,74.0,8.3,129.9,170.0,10.1
2025-02-18,400,1215.0,0.0,19.9,64.0,9.8,90.0,128.6,14.2
2025-02-19,400,1448.6,0.0,26.9,44.8,7.8,104.0,149.7,13.0
2025-02-20,400,1154.9,0.0,19.8,53.2,8.6,90.6,123.2,12.1
2025-02-21,400,954.6,0.0,16.2,44.6,4.5,60.3,96.2,8.2
2025-02-22,400,1041.4,0.0,18.0,43.8,5.6,66.7,100.8,14.4
2025-02-23,400,1174.9,0.0,22.0,53.2,6.0,74.1,112.1,18.5
2025-02-24,400,1161.6,0.0,19.0,54.0,6.4,74.8,118.8,16.7
2025-02-25,400,1408.6,0.0,27.2,51.5,13.6,91.2,138.8,25.2
2025-02-26,400,1628.9,0.0,29.3,52.2,15.8,135.6,191.2,28.5
2025-02-27,400,1301.8,0.0,18.9,79.4,12.7,119.0,165.2,15.0
2025-02-28,400,837.8,0.0,12.0,51.2,4.6,55.8,82.2,8.8
2025-03-01,400,851.2,0.0,14.8,44.0,4.7,41.3,69.8,10.7
2025-03-02,300,834.4,0.0,15.2,65.8,4.8,36.2,63.5,20.1
2025-03-03,400,961.3,0.0,20.0,63.3,5.9,49.0,97.8,24.2
2025-03-04,400,994.7,0.0,22.0,64.4,6.0,54.2,118.0,28.9
2025-03-05,400,721.0,0.1,11.0,115.9,4.2,53.9,82.8,12.8
